{
    "x_min": -0.10248043297241141,
    "x_max": 0.6180284254355901,
    "y_min": -0.46295717258296043,
    "y_max": 0.49394016568401483,
    "z_min": 0.013054573755264864,
    "z_max": 0.05034111937723662,
    "table_height": 0.03900796552507121
}